{"activityLevel":180003,"activityList":[{"activeTime":2722799,"calorie":365.28006,"distance":0.0,"type":6003},{"activeTime":1776185,"calorie":108.86587,"distance":2159.3706,"type":-1}],"age":24,"gender":"M","height":175.0,"stepCount":3807,"weight":76.0}