{"activityLevel":180003,"activityList":[{"a":1001,"b":67.770004,"c":1316.59,"d":890000},{"a":-1,"b":361.35995,"c":7612.706,"d":6368100}],"age":25,"gender":"M","height":174.6,"stepCount":11601,"weight":73.3}