{"activityLevel":180003,"activityList":[{"a":14001,"b":420.97003,"c":150.0,"d":5164698},{"a":0,"b":120.65,"c":0.0,"d":1024878},{"a":6003,"b":983.18976,"c":0.0,"d":7626287},{"a":-1,"b":240.68501,"c":4956.8916,"d":4219854}],"age":25,"gender":"M","height":174.6,"stepCount":9826,"weight":75.3}