{"activityLevel":180004,"activityList":[{"activeTime":2255483,"calorie":150.43999,"distance":525.0,"type":14001},{"activeTime":397292,"calorie":55.329998,"distance":0.0,"type":10002},{"activeTime":2277744,"calorie":297.70013,"distance":0.0,"type":0},{"activeTime":1229541,"calorie":72.979546,"distance":1452.5908,"type":-1}],"age":26,"gender":"M","height":174.6,"stepCount":2918,"weight":73.0}