{"activityLevel":180003,"activityList":[{"activeTime":598884,"calorie":52.364372,"distance":545.37036,"type":1001},{"activeTime":3983186,"calorie":249.80287,"distance":4522.3916,"type":-1}],"age":24,"gender":"M","height":174.5,"stepCount":7126,"weight":76.8}