{"activityLevel":180004,"activityList":[{"activeTime":3831230,"calorie":490.52,"distance":0.0,"type":6003},{"activeTime":922646,"calorie":118.912,"distance":2243.235,"type":11007},{"activeTime":2478956,"calorie":164.81001,"distance":475.0,"type":14001},{"activeTime":2376021,"calorie":142.11359,"distance":2944.4836,"type":-1}],"age":26,"gender":"M","height":174.6,"stepCount":6226,"weight":71.4}