{"activityLevel":180004,"activityList":[{"activeTime":1606166,"calorie":222.57501,"distance":7211.1367,"type":11007},{"activeTime":5508651,"calorie":698.82007,"distance":0.0,"type":0},{"activeTime":3721425,"calorie":222.07274,"distance":4340.0044,"type":-1}],"age":26,"gender":"M","height":174.6,"stepCount":7951,"weight":73.0}