{"activityLevel":180003,"activityList":[{"a":6003,"b":502.50012,"c":0.0,"d":3065828},{"a":14001,"b":756.43,"c":175.0,"d":4118380},{"a":-1,"b":179.22815,"c":3331.277,"d":2821319}],"age":25,"gender":"M","height":174.6,"stepCount":7347,"weight":74.7}