{"activityLevel":180004,"activityList":[{"activeTime":2435583,"calorie":400.88098,"distance":7044.832,"type":11007},{"activeTime":3328775,"calorie":434.48,"distance":0.0,"type":0},{"activeTime":3268961,"calorie":420.7,"distance":0.0,"type":6003},{"activeTime":3028905,"calorie":173.95398,"distance":3475.98,"type":-1}],"age":26,"gender":"M","height":174.6,"stepCount":7261,"weight":71.4}