{"activityLevel":180003,"activityList":[{"a":14001,"b":620.37,"c":550.0,"d":3167665},{"a":15005,"b":0.054879453,"c":2.8,"d":4041},{"a":-1,"b":227.16296,"c":7231.3594,"d":6581874}],"age":25,"gender":"M","height":154.0,"stepCount":10777,"weight":73.6}