{"activityLevel":180003,"activityList":[{"a":1001,"b":300.95667,"c":3612.557,"d":3085042},{"a":-1,"b":320.19775,"c":5878.1426,"d":5091709}],"age":24,"gender":"M","height":174.6,"stepCount":12424,"weight":76.8}