{"activityLevel":180004,"activityList":[{"a":1001,"b":397.418,"c":3729.509,"d":2515289},{"a":0,"b":509.69003,"c":0.0,"d":4380597},{"a":-1,"b":301.53958,"c":5613.589,"d":4744072}],"age":25,"gender":"M","height":174.6,"stepCount":13062,"weight":73.7}