{"activityLevel":180003,"activityList":[{"a":-1,"b":52.310005,"c":939.03986,"d":868434}],"age":24,"gender":"M","height":174.6,"stepCount":1302,"weight":75.0}