{"activityLevel":180004,"activityList":[{"activeTime":3658324,"calorie":496.91013,"distance":0.0,"type":0},{"activeTime":2399745,"calorie":354.48016,"distance":0.0,"type":4004},{"activeTime":4323385,"calorie":238.27023,"distance":4965.8013,"type":-1}],"age":26,"gender":"M","height":174.6,"stepCount":11188,"weight":73.0}