{"activityLevel":180004,"activityList":[{"activeTime":5349113,"calorie":589.42896,"distance":10191.1,"type":11007},{"activeTime":6428647,"calorie":802.56036,"distance":0.0,"type":0},{"activeTime":4310432,"calorie":278.01147,"distance":4904.881,"type":-1}],"age":26,"gender":"M","height":174.6,"stepCount":8885,"weight":73.0}