{"activityLevel":180003,"activityList":[{"a":0,"b":871.93286,"c":0.0,"d":7228739},{"a":1001,"b":54.0,"c":491.16,"d":528854},{"a":-1,"b":435.18823,"c":8998.354,"d":7964148}],"age":25,"gender":"M","height":174.6,"stepCount":17439,"weight":75.8}