{"activityLevel":180004,"activityList":[{"activeTime":3730973,"calorie":488.57016,"distance":0.0,"type":4004},{"activeTime":683440,"calorie":94.2,"distance":0.0,"type":11007},{"activeTime":3864330,"calorie":580.2202,"distance":0.0,"type":0},{"activeTime":4110093,"calorie":230.31172,"distance":4807.351,"type":-1}],"age":26,"gender":"M","height":174.6,"stepCount":12326,"weight":72.8}