{"activityLevel":180005,"activityList":[{"activeTime":1582460,"calorie":238.86899,"distance":8551.529,"type":11007},{"activeTime":3615706,"calorie":452.53,"distance":0.0,"type":0},{"activeTime":6912175,"calorie":426.59116,"distance":8276.362,"type":-1}],"age":27,"gender":"M","height":174.6,"stepCount":12045,"weight":72.4}