{"activityLevel":180003,"activityList":[{"a":1001,"b":130.15201,"c":1520.8201,"d":1514983},{"a":-1,"b":351.43933,"c":6951.673,"d":6043134}],"age":25,"gender":"F","height":174.6,"stepCount":11538,"weight":73.8}