{"activityLevel":180003,"activityList":[{"activeTime":53017,"calorie":4.6356277,"distance":48.279663,"type":1001},{"activeTime":6223076,"calorie":392.30664,"distance":7010.627,"type":-1}],"age":24,"gender":"M","height":174.5,"stepCount":9847,"weight":76.8}