{"activityLevel":180004,"activityList":[{"activeTime":5863350,"calorie":764.41705,"distance":8207.083,"type":1001},{"activeTime":884268,"calorie":93.561,"distance":7706.143,"type":11002},{"activeTime":6183765,"calorie":356.00876,"distance":6953.0337,"type":-1}],"age":26,"gender":"M","height":174.6,"stepCount":18566,"weight":71.4}