{"activityLevel":180003,"activityList":[{"a":-1,"b":53.609993,"c":979.55945,"d":865436}],"age":24,"gender":"M","height":174.6,"stepCount":1338,"weight":75.0}