{"activityLevel":180004,"activityList":[{"activeTime":1541123,"calorie":170.505,"distance":2280.002,"type":15005},{"activeTime":1604770,"calorie":189.60002,"distance":0.0,"type":10002},{"activeTime":3155237,"calorie":192.75604,"distance":3778.5247,"type":-1}],"age":26,"gender":"M","height":174.6,"stepCount":7514,"weight":72.8}