{"activityLevel":180004,"activityList":[{"activeTime":61770,"calorie":7.107,"distance":41.361,"type":1002},{"activeTime":3151614,"calorie":395.08005,"distance":0.0,"type":0},{"activeTime":877202,"calorie":117.47003,"distance":0.0,"type":10002},{"activeTime":4605152,"calorie":302.8451,"distance":5332.7925,"type":-1}],"age":26,"gender":"M","height":174.6,"stepCount":9010,"weight":73.0}