{"activityLevel":180004,"activityList":[{"activeTime":16295,"calorie":87.509,"distance":0.0,"type":1002},{"activeTime":2287818,"calorie":325.44012,"distance":0.0,"type":4004},{"activeTime":4410507,"calorie":621.9203,"distance":0.0,"type":0},{"activeTime":4118995,"calorie":264.99945,"distance":4851.065,"type":-1}],"age":26,"gender":"M","height":174.6,"stepCount":9415,"weight":73.0}