{"activityLevel":180004,"activityList":[{"activeTime":3797158,"calorie":446.77002,"distance":0.0,"type":10002},{"activeTime":5206383,"calorie":713.74005,"distance":0.0,"type":6002},{"activeTime":1967453,"calorie":120.15,"distance":463.0,"type":14001},{"activeTime":2122617,"calorie":139.57733,"distance":2542.474,"type":-1}],"age":26,"gender":"M","height":174.6,"stepCount":7423,"weight":72.9}