{"activityLevel":180003,"activityList":[{"a":0,"b":319.35004,"c":0.0,"d":4519975},{"a":-1,"b":111.92201,"c":3839.5994,"d":3633437}],"age":25,"gender":"M","height":154.0,"stepCount":6696,"weight":73.6}