{"activityLevel":180003,"activityList":[{"a":14001,"b":208.06999,"c":175.0,"d":3817075},{"a":-1,"b":216.82925,"c":3933.512,"d":3360135}],"age":25,"gender":"M","height":174.6,"stepCount":5714,"weight":74.5}