{"activityLevel":180004,"activityList":[{"activeTime":1849370,"calorie":237.89499,"distance":8365.064,"type":11007},{"activeTime":5107929,"calorie":355.86902,"distance":6135.662,"type":-1}],"age":26,"gender":"M","height":174.6,"stepCount":8120,"weight":73.0}