{"activityLevel":180005,"activityList":[{"activeTime":2807133,"calorie":300.78198,"distance":4164.159,"type":1001},{"activeTime":4387367,"calorie":292.20663,"distance":5657.842,"type":-1}],"age":27,"gender":"M","height":174.6,"stepCount":11321,"weight":73.2}