{"activityLevel":180004,"activityList":[{"a":0,"b":354.05984,"c":0.0,"d":3937059},{"a":11007,"b":32.49,"c":0.0,"d":296480},{"a":-1,"b":255.60132,"c":4619.571,"d":4050513}],"age":25,"gender":"M","height":174.6,"stepCount":7751,"weight":73.6}