{"activityLevel":180002,"activityList":[{"activeTime":2495168,"calorie":239.0,"distance":3002.6,"type":1001},{"activeTime":3000516,"calorie":566.80005,"distance":350.0,"type":14001},{"activeTime":2899828,"calorie":212.59529,"distance":3730.9573,"type":-1}],"age":23,"gender":"M","height":175.0,"stepCount":9727,"weight":77.0}