{"activityLevel":180004,"activityList":[{"activeTime":3432344,"calorie":489.76013,"distance":0.0,"type":4004},{"activeTime":3400608,"calorie":442.57,"distance":0.0,"type":0},{"activeTime":960908,"calorie":102.0,"distance":1329.74,"type":1001},{"activeTime":4967550,"calorie":328.10477,"distance":6086.334,"type":-1}],"age":26,"gender":"M","height":174.6,"stepCount":14290,"weight":74.2}