{"activityLevel":180003,"activityList":[{"activeTime":5342644,"calorie":660.08704,"distance":4395.6377,"type":1001},{"activeTime":5288395,"calorie":111.30291,"distance":294.0,"type":14001},{"activeTime":4721611,"calorie":294.29086,"distance":5142.5234,"type":-1}],"age":24,"gender":"M","height":174.5,"stepCount":15935,"weight":76.8}