{"activityLevel":180004,"activityList":[{"activeTime":2649644,"calorie":308.50598,"distance":8600.712,"type":11007},{"activeTime":2348293,"calorie":297.64014,"distance":0.0,"type":0},{"activeTime":4454302,"calorie":247.06032,"distance":5105.412,"type":-1}],"age":26,"gender":"M","height":174.6,"stepCount":7632,"weight":73.0}