{"activityLevel":180004,"activityList":[{"activeTime":2512868,"calorie":319.5382,"distance":0.0,"type":0},{"activeTime":1598739,"calorie":155.79001,"distance":2178.6738,"type":1001},{"activeTime":4599617,"calorie":264.73566,"distance":5511.068,"type":-1}],"age":26,"gender":"M","height":174.6,"stepCount":10728,"weight":71.4}