{"activityLevel":180003,"activityList":[{"a":6003,"b":374.00995,"c":0.0,"d":2710679},{"a":1001,"b":62.0,"c":668.52,"d":641024},{"a":-1,"b":442.65643,"c":8750.259,"d":7237622}],"age":25,"gender":"M","height":174.6,"stepCount":13887,"weight":73.3}