{"activityLevel":180004,"activityList":[{"activeTime":2407198,"calorie":141.54999,"distance":500.0,"type":14001},{"activeTime":3019236,"calorie":194.59187,"distance":3592.3127,"type":-1}],"age":26,"gender":"M","height":174.6,"stepCount":4916,"weight":72.5}