{"activityLevel":180003,"activityList":[{"a":1001,"b":78.0,"c":844.1,"d":833619},{"a":6003,"b":343.93005,"c":0.0,"d":2267724},{"a":-1,"b":319.04385,"c":5918.993,"d":5100631}],"age":25,"gender":"M","height":155.0,"stepCount":10757,"weight":74.8}