{"activityLevel":180005,"activityList":[{"activeTime":5864417,"calorie":823.38403,"distance":7526.3926,"type":1001},{"activeTime":2996487,"calorie":178.17093,"distance":3836.8906,"type":-1}],"age":27,"gender":"M","height":174.6,"stepCount":14686,"weight":71.2}