{"activityLevel":180003,"activityList":[{"a":1001,"b":251.001,"c":2600.076,"d":2739325},{"a":10014,"b":235.78255,"c":0.0,"d":1581396},{"a":-1,"b":270.36932,"c":5028.1675,"d":4410297}],"age":24,"gender":"M","height":174.6,"stepCount":11476,"weight":75.0}