{"activityLevel":180004,"activityList":[{"activeTime":1402777,"calorie":192.32999,"distance":225.0,"type":14001},{"activeTime":5497528,"calorie":348.66037,"distance":6466.4683,"type":-1}],"age":25,"gender":"M","height":174.6,"stepCount":8888,"weight":72.5}