{"activityLevel":180003,"activityList":[{"a":-1,"b":52.51002,"c":952.09985,"d":867707}],"age":25,"gender":"M","height":174.6,"stepCount":1312,"weight":74.5}