{"activityLevel":180004,"activityList":[{"activeTime":2159822,"calorie":207.86299,"distance":2395.7158,"type":1001},{"activeTime":10395801,"calorie":1299.5319,"distance":0.0,"type":0},{"activeTime":3878993,"calorie":246.35217,"distance":4793.4175,"type":-1}],"age":26,"gender":"M","height":174.6,"stepCount":14806,"weight":71.4}