{"activityLevel":180003,"activityList":[{"activeTime":2755676,"calorie":356.24997,"distance":0.0,"type":6003},{"activeTime":3574624,"calorie":343.587,"distance":3792.6892,"type":1001},{"activeTime":3207039,"calorie":196.18741,"distance":3788.5327,"type":-1}],"age":24,"gender":"M","height":175.0,"stepCount":13141,"weight":76.8}