{"activityLevel":180004,"activityList":[{"activeTime":3728563,"calorie":395.63403,"distance":8548.535,"type":11007},{"activeTime":3365192,"calorie":184.17474,"distance":3854.5103,"type":-1}],"age":26,"gender":"M","height":174.6,"stepCount":5236,"weight":72.5}