{"activityLevel":180004,"activityList":[{"activeTime":2640041,"calorie":383.84,"distance":12878.75,"type":11007},{"activeTime":2547249,"calorie":337.00006,"distance":0.0,"type":0},{"activeTime":4761480,"calorie":710.61005,"distance":0.0,"type":4004},{"activeTime":4320772,"calorie":255.05602,"distance":5006.628,"type":-1}],"age":26,"gender":"M","height":174.6,"stepCount":11024,"weight":73.0}