{"activityLevel":180004,"activityList":[{"activeTime":651929,"calorie":59.929,"distance":737.059,"type":1001},{"activeTime":2277602,"calorie":300.44003,"distance":0.0,"type":0},{"activeTime":4434988,"calorie":616.32007,"distance":0.0,"type":4004},{"activeTime":4448367,"calorie":279.1414,"distance":5064.6655,"type":-1}],"age":26,"gender":"M","height":174.6,"stepCount":13923,"weight":73.0}