{"activityLevel":180004,"activityList":[{"activeTime":1688868,"calorie":222.58989,"distance":5522.25,"type":11007},{"activeTime":660623,"calorie":59.179,"distance":694.859,"type":1001},{"activeTime":3963496,"calorie":542.89026,"distance":0.0,"type":0},{"activeTime":4304560,"calorie":272.70453,"distance":4863.4165,"type":-1}],"age":26,"gender":"M","height":174.6,"stepCount":8677,"weight":73.0}