{"activityLevel":180005,"activityList":[{"activeTime":4192511,"calorie":422.16602,"distance":6317.37,"type":1001},{"activeTime":1406580,"calorie":88.268684,"distance":1741.5431,"type":-1}],"age":27,"gender":"M","height":174.6,"stepCount":10041,"weight":73.2}