{"activityLevel":180004,"activityList":[{"activeTime":8168142,"calorie":986.87396,"distance":12809.574,"type":11007},{"activeTime":5416206,"calorie":686.88,"distance":0.0,"type":0},{"activeTime":8807906,"calorie":1169.8898,"distance":0.0,"type":6003},{"activeTime":2301431,"calorie":145.62575,"distance":2645.2607,"type":-1}],"age":26,"gender":"M","height":174.6,"stepCount":10309,"weight":73.0}