{"activityLevel":180003,"activityList":[{"a":15005,"b":109.294,"c":747.964,"d":1139352},{"a":4004,"b":391.46002,"c":0.0,"d":2001363},{"a":-1,"b":239.87254,"c":4363.9106,"d":3856820}],"age":24,"gender":"M","height":174.6,"stepCount":9456,"weight":75.8}