{"activityLevel":180003,"activityList":[{"a":1001,"b":446.70398,"c":3164.328,"d":2702293},{"a":-1,"b":476.00458,"c":9204.508,"d":7935514}],"age":25,"gender":"M","height":174.6,"stepCount":16986,"weight":72.8}