{"activityLevel":180005,"activityList":[{"activeTime":3192376,"calorie":308.15002,"distance":3987.5542,"type":1001},{"activeTime":425384,"calorie":55.99,"distance":884.27,"type":1002},{"activeTime":3071018,"calorie":185.49669,"distance":3886.0703,"type":-1}],"age":27,"gender":"M","height":174.6,"stepCount":11110,"weight":73.2}