{"activityLevel":180004,"activityList":[{"activeTime":3893573,"calorie":570.486,"distance":11639.49,"type":11007},{"activeTime":3320792,"calorie":451.99008,"distance":0.0,"type":4004},{"activeTime":2913516,"calorie":452.82,"distance":0.0,"type":0},{"activeTime":4275400,"calorie":265.22424,"distance":5007.693,"type":-1}],"age":26,"gender":"M","height":174.6,"stepCount":12101,"weight":72.8}