{"activityLevel":180004,"activityList":[{"activeTime":2996838,"calorie":375.55005,"distance":0.0,"type":0},{"activeTime":2707499,"calorie":375.59003,"distance":0.0,"type":4004},{"activeTime":4734218,"calorie":315.42743,"distance":5789.912,"type":-1}],"age":25,"gender":"M","height":174.6,"stepCount":10169,"weight":72.8}