{"activityLevel":0,"activityList":[{"activeTime":5941002,"calorie":995.39014,"distance":0.0,"type":4004},{"activeTime":2304773,"calorie":198.82,"distance":2812.404,"type":1001},{"activeTime":3461756,"calorie":205.76582,"distance":4077.3027,"type":-1}],"age":24,"gender":"M","height":175.0,"stepCount":13571,"weight":76.0}