{"activityLevel":180004,"activityList":[{"activeTime":2894999,"calorie":443.02008,"distance":0.0,"type":0},{"activeTime":3698017,"calorie":345.6746,"distance":5152.7744,"type":11007},{"activeTime":4176753,"calorie":264.14392,"distance":4886.3916,"type":-1}],"age":26,"gender":"M","height":174.6,"stepCount":7516,"weight":73.0}