{"activityLevel":180005,"activityList":[{"activeTime":4589268,"calorie":480.82098,"distance":5792.122,"type":1001},{"activeTime":2080980,"calorie":134.88464,"distance":2652.1345,"type":-1}],"age":27,"gender":"M","height":174.6,"stepCount":11034,"weight":73.2}