{"activityLevel":180004,"activityList":[{"activeTime":4455161,"calorie":672.88007,"distance":0.0,"type":0},{"activeTime":2504974,"calorie":252.125,"distance":4124.82,"type":1001},{"activeTime":3417049,"calorie":191.80101,"distance":3978.833,"type":-1}],"age":26,"gender":"M","height":174.6,"stepCount":11483,"weight":73.0}