{"activityLevel":180004,"activityList":[{"activeTime":3219109,"calorie":176.46999,"distance":675.0,"type":14001},{"activeTime":1726983,"calorie":107.95002,"distance":1945.7195,"type":-1}],"age":26,"gender":"M","height":174.6,"stepCount":2695,"weight":73.0}