{"activityLevel":180004,"activityList":[{"activeTime":1928363,"calorie":320.27402,"distance":8786.018,"type":11007},{"activeTime":4113798,"calorie":548.86005,"distance":0.0,"type":0},{"activeTime":394730,"calorie":33.173,"distance":376.165,"type":15005}],"age":27,"gender":"M","height":174.6,"stepCount":0,"weight":73.3}