{"activityLevel":180002,"activityList":[{"activeTime":4220527,"calorie":614.54004,"distance":0.0,"type":6003},{"activeTime":2402712,"calorie":152.03525,"distance":2782.0864,"type":-1}],"age":23,"gender":"M","height":175.0,"stepCount":6260,"weight":77.0}