{"activityLevel":180004,"activityList":[{"activeTime":4128984,"calorie":538.78015,"distance":0.0,"type":0},{"activeTime":2257396,"calorie":145.65001,"distance":400.0,"type":14001},{"activeTime":529256,"calorie":78.15,"distance":0.0,"type":10002},{"activeTime":5664352,"calorie":375.5621,"distance":6844.514,"type":-1}],"age":26,"gender":"M","height":174.6,"stepCount":10706,"weight":73.0}