{"activityLevel":180004,"activityList":[{"activeTime":322978,"calorie":43.886,"distance":1194.687,"type":11007},{"activeTime":3360163,"calorie":413.84,"distance":0.0,"type":6003},{"activeTime":4598253,"calorie":492.20203,"distance":7364.631,"type":1002},{"activeTime":1561180,"calorie":90.901535,"distance":1911.0863,"type":-1}],"age":26,"gender":"M","height":174.6,"stepCount":12848,"weight":71.4}