{"activityLevel":180003,"activityList":[{"a":6003,"b":128.94002,"c":0.0,"d":977452},{"a":-1,"b":133.26923,"c":2455.6794,"d":2236197}],"age":25,"gender":"M","height":174.6,"stepCount":3669,"weight":74.2}