{"activityLevel":180005,"activityList":[{"activeTime":2748446,"calorie":277.59003,"distance":400.0,"type":14001},{"activeTime":2931351,"calorie":183.62779,"distance":3705.6936,"type":-1}],"age":27,"gender":"M","height":174.6,"stepCount":5210,"weight":71.2}