{"activityLevel":180004,"activityList":[{"activeTime":3868932,"calorie":647.2304,"distance":0.0,"type":0},{"activeTime":2541046,"calorie":381.71005,"distance":0.0,"type":6003},{"activeTime":3358159,"calorie":213.50568,"distance":3966.412,"type":-1}],"age":26,"gender":"M","height":174.6,"stepCount":8069,"weight":73.0}