{"activityLevel":180004,"activityList":[{"activeTime":2733224,"calorie":55.35879,"distance":913.0,"type":14001},{"activeTime":2260253,"calorie":130.69159,"distance":2512.4912,"type":-1}],"age":26,"gender":"M","height":174.6,"stepCount":3473,"weight":73.0}