{"activityLevel":180004,"activityList":[{"activeTime":2720934,"calorie":355.263,"distance":8505.902,"type":11007},{"activeTime":2966472,"calorie":373.57013,"distance":0.0,"type":0},{"activeTime":2489709,"calorie":159.68677,"distance":2845.8882,"type":-1}],"age":26,"gender":"M","height":174.6,"stepCount":4725,"weight":73.0}