{"activityLevel":180005,"activityList":[{"activeTime":4621201,"calorie":444.75778,"distance":21467.002,"type":11007},{"activeTime":4631804,"calorie":596.17004,"distance":0.0,"type":6003},{"activeTime":2656694,"calorie":142.67271,"distance":3165.28,"type":-1}],"age":27,"gender":"M","height":174.6,"stepCount":6521,"weight":72.4}