{"activityLevel":180005,"activityList":[{"activeTime":1864356,"calorie":200.33853,"distance":5391.457,"type":11007},{"activeTime":2949576,"calorie":199.61993,"distance":3769.3496,"type":-1}],"age":27,"gender":"M","height":174.6,"stepCount":4505,"weight":70.6}