{"activityLevel":180003,"activityList":[{"a":0,"b":483.01324,"c":0.0,"d":3663064},{"a":-1,"b":151.84883,"c":2716.862,"d":2456098}],"age":24,"gender":"M","height":174.6,"stepCount":4554,"weight":75.0}