{"activityLevel":180003,"activityList":[{"activeTime":5044322,"calorie":495.02997,"distance":5947.5366,"type":1001},{"activeTime":1704052,"calorie":103.93742,"distance":1976.4849,"type":-1}],"age":24,"gender":"M","height":175.0,"stepCount":12228,"weight":76.0}