{"activityLevel":180003,"activityList":[{"a":0,"b":431.44012,"c":0.0,"d":3358109},{"a":15006,"b":103.0,"c":0.0,"d":760903},{"a":15005,"b":59.715,"c":707.943,"d":688445},{"a":-1,"b":299.27322,"c":5591.224,"d":4713321}],"age":25,"gender":"M","height":174.6,"stepCount":10744,"weight":73.6}