{"activityLevel":180004,"activityList":[{"activeTime":1006026,"calorie":149.438,"distance":4786.35,"type":11007},{"activeTime":3652142,"calorie":369.355,"distance":5424.5107,"type":1001},{"activeTime":1536383,"calorie":232.78006,"distance":0.0,"type":0},{"activeTime":3561606,"calorie":232.14246,"distance":4270.723,"type":-1}],"age":26,"gender":"M","height":174.6,"stepCount":12552,"weight":74.2}