{"activityLevel":180004,"activityList":[{"activeTime":781504,"calorie":130.44005,"distance":0.0,"type":4004},{"activeTime":3403806,"calorie":436.61023,"distance":0.0,"type":0},{"activeTime":5567180,"calorie":373.2255,"distance":6717.829,"type":-1}],"age":26,"gender":"M","height":174.6,"stepCount":11742,"weight":73.0}