{"activityLevel":180004,"activityList":[{"activeTime":4575973,"calorie":208.70001,"distance":525.0,"type":14001},{"activeTime":1150217,"calorie":77.490036,"distance":1449.6892,"type":-1}],"age":26,"gender":"M","height":174.6,"stepCount":2384,"weight":73.0}