{"activityLevel":180004,"activityList":[{"activeTime":6073336,"calorie":865.4682,"distance":0.0,"type":0},{"activeTime":2126941,"calorie":300.7851,"distance":7109.811,"type":11007},{"activeTime":4968055,"calorie":800.61005,"distance":0.0,"type":4004},{"activeTime":3895549,"calorie":251.10582,"distance":4594.3276,"type":-1}],"age":26,"gender":"M","height":174.6,"stepCount":12607,"weight":73.0}