{"activityLevel":180005,"activityList":[{"activeTime":3113979,"calorie":476.14294,"distance":4301.648,"type":1001},{"activeTime":4688103,"calorie":283.84622,"distance":6011.95,"type":-1}],"age":27,"gender":"M","height":174.6,"stepCount":12340,"weight":71.2}