{"activityLevel":180004,"activityList":[{"activeTime":2832768,"calorie":378.03998,"distance":11143.154,"type":11007},{"activeTime":3104119,"calorie":369.64023,"distance":0.0,"type":0},{"activeTime":4576063,"calorie":582.9004,"distance":0.0,"type":4004},{"activeTime":3066548,"calorie":181.18967,"distance":3482.164,"type":-1}],"age":26,"gender":"M","height":174.6,"stepCount":7893,"weight":73.0}