{"activityLevel":180005,"activityList":[{"activeTime":4388188,"calorie":506.22003,"distance":0.0,"type":0},{"activeTime":3225532,"calorie":380.049,"distance":5078.042,"type":1001},{"activeTime":2881868,"calorie":164.55368,"distance":3449.6958,"type":-1}],"age":27,"gender":"M","height":174.6,"stepCount":11796,"weight":71.9}