{"activityLevel":180004,"activityList":[{"activeTime":3743963,"calorie":503.14005,"distance":0.0,"type":0},{"activeTime":5372573,"calorie":686.9004,"distance":0.0,"type":6003},{"activeTime":3868278,"calorie":267.00806,"distance":4602.6343,"type":-1}],"age":26,"gender":"M","height":174.6,"stepCount":9770,"weight":73.0}