{"activityLevel":180003,"activityList":[{"activeTime":2682829,"calorie":356.38004,"distance":0.0,"type":6003},{"activeTime":2835060,"calorie":187.32162,"distance":3388.858,"type":-1}],"age":24,"gender":"M","height":175.0,"stepCount":4987,"weight":76.8}