{"activityLevel":180004,"activityList":[{"activeTime":2503013,"calorie":218.0,"distance":4159.22,"type":1001},{"activeTime":832830,"calorie":108.0,"distance":4283.44,"type":11007},{"activeTime":2697054,"calorie":386.45074,"distance":0.0,"type":6002},{"activeTime":3632309,"calorie":231.88956,"distance":4343.796,"type":-1}],"age":26,"gender":"M","height":174.6,"stepCount":12229,"weight":73.0}