{"activityLevel":180004,"activityList":[{"activeTime":3506949,"calorie":527.305,"distance":15655.949,"type":11007},{"activeTime":3200852,"calorie":462.03012,"distance":0.0,"type":0},{"activeTime":83204,"calorie":14.469999,"distance":0.0,"type":10002},{"activeTime":4501464,"calorie":258.62073,"distance":5263.4497,"type":-1}],"age":26,"gender":"M","height":174.6,"stepCount":8601,"weight":73.0}