{"activityLevel":180004,"activityList":[{"activeTime":3188730,"calorie":471.828,"distance":4361.5693,"type":11007},{"activeTime":2999139,"calorie":410.23013,"distance":0.0,"type":0},{"activeTime":3225697,"calorie":439.73007,"distance":0.0,"type":4004},{"activeTime":4509017,"calorie":289.19412,"distance":5303.1724,"type":-1}],"age":26,"gender":"M","height":174.6,"stepCount":12016,"weight":72.8}