{"activityLevel":180004,"activityList":[{"activeTime":3873437,"calorie":444.56998,"distance":375.0,"type":14001},{"activeTime":3664128,"calorie":451.71997,"distance":0.0,"type":6002},{"activeTime":2782210,"calorie":177.08627,"distance":3197.1367,"type":-1}],"age":25,"gender":"M","height":174.6,"stepCount":6830,"weight":74.2}