{"activityLevel":180003,"activityList":[{"a":0,"b":81.84,"c":0.0,"d":820119},{"a":-1,"b":51.47965,"c":948.81635,"d":871100}],"age":25,"gender":"M","height":174.6,"stepCount":1391,"weight":72.8}