{"activityLevel":180003,"activityList":[{"a":15005,"b":185.92781,"c":2565.615,"d":1735555},{"a":-1,"b":162.36212,"c":2854.2036,"d":2626643}],"age":24,"gender":"M","height":174.6,"stepCount":7329,"weight":75.0}