{"activityLevel":180004,"activityList":[{"activeTime":4016689,"calorie":603.30023,"distance":0.0,"type":0},{"activeTime":1336045,"calorie":159.93,"distance":0.0,"type":10002},{"activeTime":2649014,"calorie":170.00221,"distance":3269.6858,"type":-1}],"age":26,"gender":"M","height":174.6,"stepCount":6864,"weight":72.8}