{"activityLevel":180004,"activityList":[{"a":11007,"b":135.4,"c":0.0,"d":972620},{"a":0,"b":462.17007,"c":0.0,"d":3238972},{"a":-1,"b":375.56046,"c":7005.2817,"d":5792512}],"age":25,"gender":"M","height":174.6,"stepCount":10505,"weight":73.6}