{"activityLevel":180004,"activityList":[{"a":1001,"b":380.0,"c":4737.9697,"d":4529967},{"a":14001,"b":133.56407,"c":1246.0,"d":7389069},{"a":0,"b":339.12015,"c":0.0,"d":4110791},{"a":-1,"b":206.52647,"c":3952.8257,"d":3558087}],"age":25,"gender":"M","height":174.6,"stepCount":13445,"weight":73.6}