{"activityLevel":180004,"activityList":[{"a":1001,"b":70.0,"c":793.7,"d":855074},{"a":0,"b":327.49008,"c":0.0,"d":4478253},{"a":-1,"b":297.67114,"c":5401.4478,"d":4864117}],"age":25,"gender":"M","height":174.6,"stepCount":10401,"weight":73.6}