{"activityLevel":180004,"activityList":[{"activeTime":1363120,"calorie":190.05,"distance":0.0,"type":11007},{"activeTime":2860370,"calorie":382.59018,"distance":0.0,"type":0},{"activeTime":605316,"calorie":80.37,"distance":941.305,"type":15005},{"activeTime":4766850,"calorie":305.69427,"distance":5634.546,"type":-1}],"age":26,"gender":"M","height":174.6,"stepCount":10136,"weight":72.8}