{"activityLevel":180003,"activityList":[{"a":0,"b":297.16003,"c":0.0,"d":4075769},{"a":15005,"b":62.024998,"c":980.004,"d":721958},{"a":-1,"b":200.37424,"c":5989.8403,"d":5630383}],"age":25,"gender":"M","height":154.0,"stepCount":11434,"weight":73.6}