{"activityLevel":180004,"activityList":[{"activeTime":4529314,"calorie":91.73685,"distance":1076.0,"type":14001},{"activeTime":3354606,"calorie":187.00954,"distance":3681.6377,"type":-1}],"age":26,"gender":"M","height":174.6,"stepCount":5057,"weight":73.0}