{"activityLevel":180005,"activityList":[{"activeTime":1832601,"calorie":216.77399,"distance":6895.0884,"type":11007},{"activeTime":3548766,"calorie":433.75,"distance":0.0,"type":0},{"activeTime":5306326,"calorie":651.43,"distance":0.0,"type":6003},{"activeTime":6499657,"calorie":387.63397,"distance":8355.081,"type":-1}],"age":27,"gender":"M","height":174.6,"stepCount":13621,"weight":71.6}