{"activityLevel":180003,"activityList":[{"a":0,"b":37.212738,"c":0.0,"d":234644},{"a":15005,"b":421.0,"c":0.0,"d":2538503},{"a":-1,"b":234.95824,"c":4344.853,"d":3775550}],"age":24,"gender":"M","height":174.6,"stepCount":10018,"weight":75.0}