{"activityLevel":180004,"activityList":[{"activeTime":1796977,"calorie":283.18298,"distance":8568.732,"type":11007},{"activeTime":5087825,"calorie":701.0098,"distance":0.0,"type":0},{"activeTime":3383340,"calorie":234.20189,"distance":4069.0981,"type":-1}],"age":26,"gender":"M","height":174.6,"stepCount":6995,"weight":73.0}