{"activityLevel":180005,"activityList":[{"activeTime":3548098,"calorie":456.67978,"distance":4188.416,"type":11007},{"activeTime":3927522,"calorie":495.62,"distance":0.0,"type":0},{"activeTime":6476819,"calorie":784.5,"distance":0.0,"type":6003},{"activeTime":4085360,"calorie":235.85448,"distance":5304.0166,"type":-1}],"age":27,"gender":"M","height":174.6,"stepCount":10718,"weight":70.6}