{"activityLevel":180002,"activityList":[{"activeTime":8694650,"calorie":779.07996,"distance":425.0,"type":14001},{"activeTime":2536395,"calorie":170.38248,"distance":3128.7544,"type":-1}],"age":23,"gender":"M","height":175.0,"stepCount":4967,"weight":77.0}