{"activityLevel":180004,"activityList":[{"a":0,"b":232.71005,"c":0.0,"d":3323923},{"a":-1,"b":231.24957,"c":4350.1504,"d":3977923}],"age":25,"gender":"M","height":174.6,"stepCount":6762,"weight":73.6}