{"activityLevel":180003,"activityList":[{"a":0,"b":276.75775,"c":0.0,"d":2445676},{"a":-1,"b":382.46216,"c":7170.471,"d":6377400}],"age":25,"gender":"M","height":174.6,"stepCount":11304,"weight":74.9}