{"activityLevel":180003,"activityList":[{"activeTime":5705151,"calorie":549.76904,"distance":5402.504,"type":1001},{"activeTime":2372766,"calorie":152.13144,"distance":2745.924,"type":-1}],"age":24,"gender":"M","height":175.0,"stepCount":14040,"weight":76.8}