{"activityLevel":180004,"activityList":[{"a":0,"b":500.99005,"c":0.0,"d":5381618},{"a":15005,"b":76.027,"c":1000.002,"d":749248},{"a":-1,"b":233.34673,"c":4441.1367,"d":3935518}],"age":25,"gender":"M","height":174.6,"stepCount":8613,"weight":73.6}