{"activityLevel":180003,"activityList":[{"a":6003,"b":927.54065,"c":0.0,"d":5914117},{"a":-1,"b":382.61923,"c":8091.0576,"d":6974866}],"age":25,"gender":"M","height":176.6,"stepCount":14047,"weight":73.9}