{"activityLevel":180005,"activityList":[{"activeTime":1606773,"calorie":213.70999,"distance":0.0,"type":0},{"activeTime":1222989,"calorie":131.328,"distance":1950.002,"type":15005},{"activeTime":456702,"calorie":60.084,"distance":1934.933,"type":11007},{"activeTime":10049056,"calorie":639.51624,"distance":13517.904,"type":-1}],"age":27,"gender":"M","height":174.6,"stepCount":18116,"weight":73.6}