{"activityLevel":180004,"activityList":[{"activeTime":1243988,"calorie":118.0,"distance":1262.5,"type":1001},{"activeTime":3730701,"calorie":550.13025,"distance":0.0,"type":0},{"activeTime":131140,"calorie":20.53,"distance":0.0,"type":10002},{"activeTime":5778763,"calorie":381.77878,"distance":7002.926,"type":-1}],"age":26,"gender":"M","height":174.6,"stepCount":11855,"weight":73.5}