{"activityLevel":180004,"activityList":[{"activeTime":989963,"calorie":117.933,"distance":4151.427,"type":11007},{"activeTime":5497086,"calorie":861.16046,"distance":0.0,"type":0},{"activeTime":3347171,"calorie":186.74213,"distance":3795.1052,"type":-1}],"age":26,"gender":"M","height":174.6,"stepCount":10203,"weight":73.0}