{"activityLevel":180004,"activityList":[{"activeTime":989381,"calorie":140.243,"distance":4419.577,"type":11007},{"activeTime":4438030,"calorie":654.25,"distance":0.0,"type":4004},{"activeTime":2176994,"calorie":298.49008,"distance":0.0,"type":0},{"activeTime":4945112,"calorie":281.17804,"distance":5695.7515,"type":-1}],"age":26,"gender":"M","height":174.6,"stepCount":13502,"weight":73.0}