{"activityLevel":180004,"activityList":[{"activeTime":3204010,"calorie":403.16,"distance":0.0,"type":0},{"activeTime":5860874,"calorie":717.34,"distance":0.0,"type":6003},{"activeTime":1557733,"calorie":207.91805,"distance":6064.926,"type":11007},{"activeTime":3823674,"calorie":252.22029,"distance":4667.8604,"type":-1}],"age":26,"gender":"M","height":174.6,"stepCount":9856,"weight":72.5}