{"activityLevel":180005,"activityList":[{"activeTime":2307516,"calorie":332.5,"distance":0.0,"type":0},{"activeTime":1563494,"calorie":184.92401,"distance":2400.004,"type":15005},{"activeTime":4104070,"calorie":253.93706,"distance":4856.3623,"type":-1}],"age":27,"gender":"M","height":174.6,"stepCount":9304,"weight":72.7}