{"activityLevel":180003,"activityList":[{"activeTime":450997,"calorie":39.278038,"distance":642.10864,"type":1001},{"activeTime":2946248,"calorie":172.60367,"distance":3416.3777,"type":-1}],"age":24,"gender":"M","height":175.0,"stepCount":5466,"weight":76.0}