{"activityLevel":180003,"activityList":[{"a":15005,"b":22.134773,"c":290.99475,"d":186623},{"a":0,"b":64.8,"c":0.0,"d":670980},{"a":-1,"b":79.685745,"c":1430.7533,"d":1278102}],"age":24,"gender":"M","height":174.6,"stepCount":2792,"weight":75.0}