{"activityLevel":180004,"activityList":[{"activeTime":1751120,"calorie":248.34601,"distance":6312.3096,"type":11007},{"activeTime":5017158,"calorie":607.46,"distance":0.0,"type":0},{"activeTime":574329,"calorie":569.927,"distance":430.718,"type":1001},{"activeTime":4266578,"calorie":239.76869,"distance":5073.233,"type":-1}],"age":26,"gender":"M","height":174.6,"stepCount":8641,"weight":71.4}