{"activityLevel":180004,"activityList":[{"activeTime":2752121,"calorie":400.4902,"distance":0.0,"type":0},{"activeTime":2167460,"calorie":332.46005,"distance":0.0,"type":4004},{"activeTime":1355527,"calorie":166.54001,"distance":0.0,"type":6003},{"activeTime":3576560,"calorie":232.53047,"distance":4267.65,"type":-1}],"age":26,"gender":"M","height":174.6,"stepCount":10300,"weight":73.0}