{"activityLevel":180004,"activityList":[{"activeTime":1830306,"calorie":253.48096,"distance":7756.0107,"type":11007},{"activeTime":3963629,"calorie":468.65,"distance":0.0,"type":0},{"activeTime":3452555,"calorie":424.58,"distance":0.0,"type":6003},{"activeTime":3611732,"calorie":229.29619,"distance":4309.2837,"type":-1}],"age":26,"gender":"M","height":174.6,"stepCount":8663,"weight":72.5}