{"activityLevel":180004,"activityList":[{"activeTime":1415954,"calorie":183.253,"distance":4366.262,"type":11007},{"activeTime":2264999,"calorie":285.32004,"distance":0.0,"type":0},{"activeTime":1281588,"calorie":111.037,"distance":1137.8779,"type":1001},{"activeTime":5040987,"calorie":293.92444,"distance":5764.446,"type":-1}],"age":26,"gender":"M","height":174.6,"stepCount":10414,"weight":73.0}