{"activityLevel":180003,"activityList":[{"a":0,"b":113.35327,"c":0.0,"d":684676},{"a":-1,"b":191.38048,"c":3447.3752,"d":3089364}],"age":24,"gender":"M","height":174.6,"stepCount":4687,"weight":75.0}