{"activityLevel":180004,"activityList":[{"activeTime":3816357,"calorie":407.846,"distance":5634.197,"type":1001},{"activeTime":7140265,"calorie":970.26965,"distance":0.0,"type":6003},{"activeTime":975283,"calorie":134.379,"distance":4784.753,"type":11007},{"activeTime":5160272,"calorie":294.47675,"distance":6097.713,"type":-1}],"age":26,"gender":"M","height":174.6,"stepCount":18943,"weight":74.0}