{"activityLevel":180004,"activityList":[{"activeTime":2263964,"calorie":289.72006,"distance":0.0,"type":6003},{"activeTime":7930981,"calorie":491.17313,"distance":9612.207,"type":-1}],"age":26,"gender":"M","height":174.6,"stepCount":14160,"weight":74.2}