{"activityLevel":180004,"activityList":[{"activeTime":447693,"calorie":57.440002,"distance":0.0,"type":10002},{"activeTime":1326938,"calorie":134.0,"distance":1919.07,"type":1001},{"activeTime":3194100,"calorie":453.62006,"distance":0.0,"type":0},{"activeTime":2882945,"calorie":189.6177,"distance":3399.1396,"type":-1}],"age":26,"gender":"M","height":174.6,"stepCount":8345,"weight":72.5}