{"activityLevel":180003,"activityList":[{"a":0,"b":75.94,"c":0.0,"d":819618},{"a":15005,"b":18.88543,"c":270.70227,"d":190274},{"a":-1,"b":240.71619,"c":4369.009,"d":4008829}],"age":24,"gender":"M","height":174.6,"stepCount":6649,"weight":75.0}