{"activityLevel":180004,"activityList":[{"activeTime":1726136,"calorie":264.47598,"distance":8348.593,"type":11007},{"activeTime":7948702,"calorie":988.64,"distance":0.0,"type":0},{"activeTime":2517251,"calorie":163.83107,"distance":3010.1414,"type":-1}],"age":26,"gender":"M","height":174.6,"stepCount":6206,"weight":72.5}