{"activityLevel":180003,"activityList":[{"a":6003,"b":111.17999,"c":0.0,"d":1005423},{"a":1001,"b":36.773003,"c":571.16895,"d":451677},{"a":1002,"b":93.31073,"c":1567.1315,"d":980810},{"a":-1,"b":277.09775,"c":6667.7026,"d":5643053}],"age":25,"gender":"F","height":174.0,"stepCount":11942,"weight":73.8}