{"activityLevel":180005,"activityList":[{"activeTime":1723763,"calorie":211.98991,"distance":6435.374,"type":11007},{"activeTime":3495816,"calorie":402.11,"distance":0.0,"type":0},{"activeTime":2508614,"calorie":379.944,"distance":5010.002,"type":15005},{"activeTime":3934656,"calorie":265.53128,"distance":5295.9297,"type":-1}],"age":27,"gender":"M","height":174.6,"stepCount":12061,"weight":70.6}