{"activityLevel":180004,"activityList":[{"activeTime":686020,"calorie":72.03,"distance":0.0,"type":11007},{"activeTime":3320221,"calorie":446.36002,"distance":0.0,"type":0},{"activeTime":3689554,"calorie":550.5202,"distance":0.0,"type":4004},{"activeTime":3773984,"calorie":214.66032,"distance":4429.5547,"type":-1}],"age":25,"gender":"M","height":174.6,"stepCount":10027,"weight":71.7}