{"activityLevel":180004,"activityList":[{"activeTime":3196999,"calorie":480.83398,"distance":8598.0,"type":11007},{"activeTime":1054389,"calorie":65.393875,"distance":1218.332,"type":-1}],"age":26,"gender":"M","height":174.6,"stepCount":1640,"weight":72.5}