{"activityLevel":180004,"activityList":[{"activeTime":236400,"calorie":31.9,"distance":0.0,"type":11007},{"activeTime":4592928,"calorie":713.60016,"distance":0.0,"type":6003},{"activeTime":5405832,"calorie":348.96753,"distance":6412.3667,"type":-1}],"age":26,"gender":"M","height":174.6,"stepCount":11975,"weight":73.5}