{"activityLevel":180004,"activityList":[{"activeTime":2646125,"calorie":335.451,"distance":0.0,"type":11007},{"activeTime":5406411,"calorie":781.75006,"distance":0.0,"type":0},{"activeTime":5861876,"calorie":389.32928,"distance":6904.795,"type":-1}],"age":26,"gender":"M","height":174.6,"stepCount":10899,"weight":73.0}