{"activityLevel":180004,"activityList":[{"activeTime":3073204,"calorie":534.274,"distance":16753.775,"type":11007},{"activeTime":7412246,"calorie":939.5899,"distance":0.0,"type":0},{"activeTime":2507117,"calorie":135.61998,"distance":450.0,"type":14001},{"activeTime":4845399,"calorie":279.65787,"distance":5710.593,"type":-1}],"age":26,"gender":"M","height":174.6,"stepCount":10073,"weight":73.0}