{"activityLevel":180004,"activityList":[{"activeTime":5133583,"calorie":548.482,"distance":4548.745,"type":1001},{"activeTime":3714055,"calorie":75.22457,"distance":833.0,"type":14001},{"activeTime":2866453,"calorie":171.17105,"distance":3295.453,"type":-1}],"age":26,"gender":"M","height":174.6,"stepCount":12668,"weight":72.5}