{"activityLevel":180004,"activityList":[{"activeTime":3945398,"calorie":459.64,"distance":0.0,"type":0},{"activeTime":1576063,"calorie":216.16101,"distance":6354.208,"type":11007},{"activeTime":1171885,"calorie":138.15,"distance":0.0,"type":6003},{"activeTime":3783620,"calorie":240.31493,"distance":4498.3237,"type":-1}],"age":26,"gender":"M","height":174.6,"stepCount":7936,"weight":71.4}