{"activityLevel":0,"activityList":[{"activeTime":3865940,"calorie":731.88995,"distance":450.0,"type":14001},{"activeTime":4797001,"calorie":666.77655,"distance":0.0,"type":6003},{"activeTime":1823073,"calorie":107.96,"distance":2108.6257,"type":-1}],"age":23,"gender":"M","height":175.0,"stepCount":4934,"weight":75.0}