{"activityLevel":180004,"activityList":[{"activeTime":2030782,"calorie":269.688,"distance":7921.578,"type":11007},{"activeTime":3271981,"calorie":381.49008,"distance":0.0,"type":0},{"activeTime":5020307,"calorie":323.81442,"distance":5833.979,"type":-1}],"age":26,"gender":"M","height":174.6,"stepCount":8175,"weight":73.0}