{"activityLevel":180004,"activityList":[{"activeTime":5298318,"calorie":741.47705,"distance":14577.43,"type":11007},{"activeTime":3554248,"calorie":444.85007,"distance":0.0,"type":0},{"activeTime":2094203,"calorie":341.33005,"distance":0.0,"type":4004},{"activeTime":4671631,"calorie":291.16986,"distance":5522.656,"type":-1}],"age":26,"gender":"M","height":174.6,"stepCount":13994,"weight":72.8}