{"activityLevel":180004,"activityList":[{"a":0,"b":318.69003,"c":0.0,"d":2773931},{"a":15005,"b":168.462,"c":2330.002,"d":1619651},{"a":-1,"b":321.37207,"c":5831.9756,"d":4843535}],"age":25,"gender":"M","height":174.6,"stepCount":10823,"weight":73.7}