{"activityLevel":180003,"activityList":[{"a":-1,"b":15.650137,"c":294.64157,"d":269468}],"age":24,"gender":"M","height":174.6,"stepCount":404,"weight":76.2}