{"activityLevel":180004,"activityList":[{"activeTime":1837678,"calorie":293.247,"distance":8712.748,"type":11007},{"activeTime":2560016,"calorie":330.67017,"distance":0.0,"type":0},{"activeTime":1499092,"calorie":174.46999,"distance":0.0,"type":15003},{"activeTime":3059274,"calorie":191.5417,"distance":3675.785,"type":-1}],"age":26,"gender":"M","height":174.6,"stepCount":5123,"weight":73.0}