{"activityLevel":180004,"activityList":[{"activeTime":245231,"calorie":606.888,"distance":144.82501,"type":1002},{"activeTime":634635,"calorie":51.217,"distance":686.77203,"type":1001},{"activeTime":3036450,"calorie":185.98094,"distance":3624.8872,"type":-1}],"age":26,"gender":"M","height":174.6,"stepCount":5982,"weight":73.0}