{"activityLevel":180005,"activityList":[{"activeTime":4663459,"calorie":446.27203,"distance":6806.74,"type":1001},{"activeTime":33778,"calorie":4.4,"distance":94.112,"type":1002},{"activeTime":2935570,"calorie":184.66353,"distance":3604.5667,"type":-1}],"age":27,"gender":"M","height":174.6,"stepCount":12675,"weight":73.2}