{"activityLevel":180004,"activityList":[{"activeTime":6902260,"calorie":888.95996,"distance":0.0,"type":0},{"activeTime":3214708,"calorie":490.0001,"distance":0.0,"type":4004},{"activeTime":4359967,"calorie":252.96754,"distance":5034.836,"type":-1}],"age":26,"gender":"M","height":174.6,"stepCount":12263,"weight":72.8}