{"activityLevel":180005,"activityList":[{"activeTime":698953,"calorie":79.2142,"distance":925.27295,"type":1001},{"activeTime":3978369,"calorie":245.23181,"distance":5376.526,"type":-1}],"age":27,"gender":"M","height":174.6,"stepCount":7326,"weight":71.2}