{"activityLevel":180004,"activityList":[{"a":0,"b":332.21005,"c":0.0,"d":3606314},{"a":1001,"b":153.0,"c":1832.29,"d":1652503},{"a":-1,"b":253.31827,"c":4865.528,"d":4293887}],"age":25,"gender":"M","height":174.6,"stepCount":10045,"weight":73.6}