{"activityLevel":180002,"activityList":[{"activeTime":2715561,"calorie":643.67004,"distance":300.0,"type":14001},{"activeTime":2723343,"calorie":178.21004,"distance":3259.7466,"type":-1}],"age":23,"gender":"M","height":175.0,"stepCount":4595,"weight":77.0}